timestamp,open,high,low,close,volume,oi
2023-02-24,17591.35,17599.75,17421.8,17465.8,145799,0.0
2023-02-27,17428.6,17451.6,17299.0,17392.7,173279,0.0
2023-02-28,17383.25,17440.45,17255.2,17303.95,182202,0.0
2023-03-01,17360.1,17467.75,17345.25,17450.9,130146,0.0
2023-03-02,17421.5,17445.8,17306.0,17321.9,185925,0.0
2023-03-03,17451.25,17644.75,17427.7,17594.35,220361,0.0
2023-03-06,17680.35,17799.95,17671.95,17711.45,137914,0.0
2023-03-08,17665.75,17766.5,17602.25,17754.4,145238,0.0
2023-03-09,17772.05,17772.35,17573.6,17589.6,149906,0.0
2023-03-10,17443.8,17451.5,17324.35,17412.9,180464,0.0
2023-03-13,17421.9,17529.9,17113.45,17154.3,272887,0.0
2023-03-14,17160.55,17224.65,16987.1,17043.3,266229,0.0
2023-03-15,17166.45,17211.35,16938.9,16972.15,184741,0.0
2023-03-16,16994.65,17062.45,16850.15,16985.6,230742,0.0
2023-03-17,17111.8,17145.8,16958.15,17100.05,240639,0.0
2023-03-20,17066.6,17066.6,16828.35,16988.4,233205,0.0
2023-03-21,17060.4,17127.7,17016.0,17107.5,138012,0.0
2023-03-22,17177.45,17207.25,17107.85,17151.9,108795,0.0
2023-03-23,17097.4,17205.4,17045.3,17076.9,175746,0.0
2023-03-24,17076.2,17109.45,16917.35,16945.05,164150,0.0
2023-03-27,16984.3,17091.0,16918.55,16985.7,216833,0.0
2023-03-28,17031.75,17061.75,16913.75,16951.7,169368,0.0
2023-03-29,16977.3,17126.15,16940.6,17080.7,245279,0.0
2023-03-31,17210.35,17381.6,17204.65,17359.75,172665,0.0
2023-04-03,17427.95,17428.05,17312.75,17398.05,124446,0.0
2023-04-05,17422.3,17570.55,17402.7,17557.05,157214,0.0
2023-04-06,17533.85,17638.7,17502.85,17599.15,157302,0.0
2023-04-10,17634.9,17694.1,17597.95,17624.05,106605,0.0
2023-04-11,17704.8,17748.75,17655.15,17722.3,126840,0.0
2023-04-12,17759.55,17825.75,17717.25,17812.4,115008,0.0
2023-04-13,17807.3,17842.15,17729.65,17828.0,136147,0.0
2023-04-17,17863.0,17863.0,17574.05,17706.85,170467,0.0
2023-04-18,17766.6,17766.6,17610.2,17660.15,124181,0.0
2023-04-19,17653.35,17666.15,17579.85,17618.75,101518,0.0
2023-04-20,17638.6,17684.45,17584.35,17624.45,103609,0.0
2023-04-21,17639.75,17663.2,17553.95,17624.05,122138,0.0
2023-04-24,17707.55,17754.5,17612.5,17743.4,190654,0.0
2023-04-25,17761.55,17807.45,17716.85,17769.25,120783,0.0
2023-04-26,17767.3,17827.75,17711.2,17813.6,130470,0.0
2023-04-27,17813.1,17931.6,17797.9,17915.05,141222,0.0
2023-04-28,17950.4,18089.15,17885.3,18065.0,126377,0.0
2023-05-02,18124.8,18180.25,18101.75,18147.65,114503,0.0
2023-05-03,18113.8,18116.35,18042.4,18089.85,135761,0.0
2023-05-04,18081.0,18267.45,18066.7,18255.8,118439,0.0
2023-05-05,18117.3,18216.95,18055.45,18069.0,168154,0.0
2023-05-08,18120.6,18286.95,18100.3,18264.4,121059,0.0
2023-05-09,18303.4,18344.2,18229.65,18265.95,96742,0.0
2023-05-10,18313.6,18326.75,18211.95,18315.1,95109,0.0
2023-05-11,18357.8,18389.7,18270.4,18297.0,100756,0.0
2023-05-12,18273.75,18342.75,18194.55,18314.8,122938,0.0
2023-05-15,18339.3,18458.9,18287.9,18398.85,104280,0.0
2023-05-16,18432.35,18432.35,18264.35,18286.5,98536,0.0
2023-05-17,18300.45,18309.0,18115.35,18181.75,160102,0.0
2023-05-18,18287.5,18297.2,18104.85,18129.95,106568,0.0
2023-05-19,18186.15,18218.1,18060.4,18203.4,130539,0.0
2023-05-22,18201.1,18335.25,18178.85,18314.4,118827,0.0
2023-05-23,18362.9,18419.75,18324.2,18348.0,98625,0.0
2023-05-24,18294.8,18392.6,18262.95,18285.4,134369,0.0
2023-05-25,18268.9,18338.1,18202.4,18321.15,120043,0.0
2023-05-26,18368.35,18508.55,18333.15,18499.35,144445,0.0
2023-05-29,18619.15,18641.2,18581.25,18598.65,110380,0.0
2023-05-30,18606.65,18662.45,18575.5,18633.85,76568,0.0
2023-05-31,18594.2,18603.9,18483.85,18534.4,131400,0.0
2023-06-01,18579.4,18580.3,18464.55,18487.75,101438,0.0
2023-06-02,18550.85,18573.7,18478.4,18534.1,120150,0.0
2023-06-05,18612.0,18640.15,18582.8,18593.85,71950,0.0
2023-06-06,18600.8,18622.75,18531.6,18599.0,101649,0.0
2023-06-07,18665.6,18738.95,18636.0,18726.4,98512,0.0
2023-06-08,18725.35,18777.9,18615.6,18634.55,126915,0.0
2023-06-09,18655.9,18676.65,18555.4,18563.4,112020,0.0
2023-06-12,18595.05,18633.6,18559.75,18601.5,77224,0.0
2023-06-13,18631.8,18728.9,18631.8,18716.15,77031,0.0
2023-06-14,18744.6,18769.7,18690.0,18755.9,72598,0.0
2023-06-15,18774.45,18794.1,18669.05,18688.1,128068,0.0
2023-06-16,18723.3,18863.95,18712.7,18823.6,138024,0.0
2023-06-19,18873.3,18879.0,18719.3,18754.2,101135,0.0
2023-06-20,18752.35,18838.35,18661.15,18833.7,119038,0.0
2023-06-21,18849.4,18875.65,18794.9,18862.1,87783,0.0
2023-06-22,18853.6,18886.05,18760.6,18779.35,138760,0.0
2023-06-23,18741.85,18751.2,18647.45,18668.55,129499,0.0
2023-06-26,18682.35,18721.75,18647.65,18694.7,91668,0.0
2023-06-27,18748.55,18829.15,18714.5,18818.6,112901,0.0
2023-06-28,18908.15,19010.4,18861.45,18993.0,127110,0.0
2023-06-30,19076.85,19201.1,19028.15,19183.2,110527,0.0
2023-07-03,19246.5,19344.6,19242.2,19330.65,120032,0.0
2023-07-04,19406.6,19433.55,19300.25,19385.55,110388,0.0
2023-07-05,19405.95,19421.25,19340.55,19415.3,78173,0.0
2023-07-06,19385.7,19511.95,19374.9,19486.25,103972,0.0
2023-07-07,19422.8,19523.45,19304.95,19324.65,154624,0.0
2023-07-10,19400.35,19435.75,19327.4,19367.85,90078,0.0
2023-07-11,19427.1,19513.95,19408.8,19448.15,94264,0.0
2023-07-12,19497.45,19497.45,19362.65,19384.75,86384,0.0
2023-07-13,19495.2,19566.45,19386.6,19443.2,132197,0.0
2023-07-14,19493.45,19594.55,19434.15,19587.35,123908,0.0
2023-07-17,19612.15,19731.55,19563.7,19719.1,93908,0.0
2023-07-18,19787.5,19817.75,19690.25,19751.55,111557,0.0
2023-07-19,19802.95,19849.2,19727.55,19847.15,99367,0.0
2023-07-20,19831.7,19990.8,19758.45,19969.95,129048,0.0
2023-07-21,19800.45,19886.35,19700.1,19780.9,148304,0.0
2023-07-24,19748.45,19782.15,19659.6,19665.4,120996,0.0
2023-07-25,19729.35,19729.35,19616.65,19678.85,105250,0.0
2023-07-26,19733.35,19825.1,19716.75,19773.1,101020,0.0
2023-07-27,19850.9,19867.5,19603.85,19700.2,137338,0.0
2023-07-28,19659.75,19692.05,19563.6,19638.0,134684,0.0
2023-07-31,19666.35,19772.25,19599.15,19740.75,96548,0.0
2023-08-01,19784.0,19793.7,19704.85,19736.1,75650,0.0
2023-08-02,19655.4,19673.4,19424.7,19514.8,164296,0.0
2023-08-03,19463.75,19536.8,19297.85,19394.45,182788,0.0
2023-08-04,19462.8,19538.45,19436.45,19510.05,137161,0.0
2023-08-07,19576.85,19619.85,19525.55,19597.95,87273,0.0
2023-08-08,19627.2,19631.55,19533.45,19570.8,73623,0.0
2023-08-09,19578.8,19645.2,19468.25,19630.95,111404,0.0
2023-08-10,19605.55,19621.95,19496.3,19549.2,133169,0.0
2023-08-11,19554.25,19555.15,19413.8,19424.25,99550,0.0
2023-08-14,19383.95,19465.3,19258.2,19413.65,115564,0.0
2023-08-16,19369.0,19482.1,19319.25,19447.0,92501,0.0
2023-08-17,19450.55,19455.5,19326.65,19346.2,102079,0.0
2023-08-18,19301.75,19373.45,19253.6,19281.5,127385,0.0
2023-08-21,19320.65,19425.4,19296.55,19380.15,117434,0.0
2023-08-22,19417.1,19443.05,19382.2,19390.05,61389,0.0
2023-08-23,19439.2,19471.45,19366.85,19442.3,80978,0.0
2023-08-24,19535.15,19584.0,19369.35,19380.4,124682,0.0
2023-08-25,19297.4,19338.85,19230.65,19244.3,129937,0.0
2023-08-28,19298.35,19366.8,19250.25,19302.65,106257,0.0
2023-08-29,19374.85,19374.85,19309.95,19352.95,99547,0.0
2023-08-30,19433.45,19451.95,19334.85,19342.0,109813,0.0
2023-08-31,19375.55,19388.0,19224.6,19279.55,117732,0.0
2023-09-01,19258.15,19458.55,19255.7,19435.3,116553,0.0
2023-09-04,19525.05,19545.15,19432.85,19528.8,80046,0.0
2023-09-05,19564.65,19587.05,19525.75,19574.9,73254,0.0
2023-09-06,19581.2,19636.45,19491.5,19611.05,108385,0.0
2023-09-07,19598.65,19737.0,19550.05,19727.05,125719,0.0
2023-09-08,19774.8,19867.15,19728.05,19819.95,101422,0.0
2023-09-11,19890.0,20008.15,19865.35,19996.35,90088,0.0
2023-09-12,20110.15,20110.35,19914.65,19993.2,137726,0.0
2023-09-13,19989.5,20096.9,19944.1,20070.0,88689,0.0
2023-09-14,20127.95,20167.65,20043.45,20103.1,133266,0.0
2023-09-15,20156.45,20222.45,20129.7,20192.35,77744,0.0
2023-09-18,20155.95,20195.35,20115.7,20133.3,67382,0.0
2023-09-20,19980.75,20050.65,19878.85,19901.4,135076,0.0
2023-09-21,19840.55,19848.75,19709.95,19742.35,166836,0.0
2023-09-22,19744.85,19798.65,19657.5,19674.25,113657,0.0
2023-09-25,19678.2,19734.15,19601.55,19674.55,124504,0.0
2023-09-26,19682.8,19699.35,19637.45,19664.7,78080,0.0
2023-09-27,19637.05,19730.7,19554.0,19716.45,116186,0.0
2023-09-28,19761.8,19766.65,19492.1,19523.55,131488,0.0
2023-09-29,19581.2,19726.25,19551.05,19638.3,145026,0.0
2023-10-03,19622.4,19623.2,19479.65,19528.75,108306,0.0
2023-10-04,19446.3,19457.8,19333.6,19436.1,125122,0.0
2023-10-05,19521.85,19576.95,19487.3,19545.75,134410,0.0
2023-10-06,19621.2,19675.75,19589.4,19653.5,100542,0.0
2023-10-09,19539.45,19588.95,19480.5,19512.35,105864,0.0
2023-10-10,19565.6,19717.8,19565.45,19689.85,99715,0.0
2023-10-11,19767.0,19839.2,19756.95,19811.35,94632,0.0
2023-10-12,19822.7,19843.3,19772.65,19794.0,83809,0.0
2023-10-13,19654.55,19805.4,19635.3,19751.05,114639,0.0
2023-10-16,19737.25,19781.3,19691.85,19731.75,75101,0.0
2023-10-17,19843.2,19849.75,19775.65,19811.5,69732,0.0
2023-10-18,19820.45,19840.95,19659.95,19671.1,100198,0.0
2023-10-19,19545.2,19681.8,19512.35,19624.7,116100,0.0
2023-10-20,19542.15,19593.8,19518.7,19542.65,75889,0.0
2023-10-23,19521.6,19556.85,19257.85,19281.75,116098,0.0
2023-10-25,19286.45,19347.3,19074.15,19122.15,176093,0.0
2023-10-26,19027.25,19041.7,18837.85,18857.25,134122,0.0
2023-10-27,18928.75,19076.15,18926.65,19047.25,121503,0.0
2023-10-30,19053.4,19158.5,18940.0,19140.9,121659,0.0
2023-10-31,19232.95,19233.7,19056.45,19079.6,125003,0.0
2023-11-01,19064.05,19096.05,18973.7,18989.15,100474,0.0
2023-11-02,19120.0,19175.25,19064.15,19133.25,151510,0.0
2023-11-03,19241.0,19276.25,19210.9,19230.6,99737,0.0
2023-11-06,19345.85,19423.0,19309.7,19411.75,103633,11485650.0
2023-11-07,19404.05,19423.5,19329.1,19406.7,85411,11134300.0
2023-11-08,19449.6,19464.4,19401.5,19443.5,70863,11054050.0
2023-11-09,19457.4,19463.9,19378.35,19395.3,84124,11590700.0
2023-11-10,19351.85,19451.3,19329.45,19425.35,98682,11160500.0
2023-11-12,19547.25,19547.25,19510.25,19525.55,33681,11257900.0
2023-11-13,19486.75,19494.4,19414.75,19443.55,56581,11297850.0
2023-11-15,19651.4,19693.2,19579.65,19675.45,122153,11685500.0
2023-11-16,19674.7,19875.25,19627.0,19765.2,133013,11269800.0
2023-11-17,19674.75,19806.0,19667.45,19731.8,78671,10912500.0
2023-11-20,19731.15,19756.45,19670.5,19694.0,72335,10387100.0
2023-11-21,19770.9,19829.1,19754.05,19783.4,74641,10374050.0
2023-11-22,19784.0,19825.55,19703.85,19811.85,81891,10706500.0
2023-11-23,19828.45,19875.15,19786.75,19802.0,77037,10910750.0
2023-11-24,19809.6,19832.85,19768.85,19794.7,63650,10481250.0
2023-11-28,19844.65,19916.85,19800.0,19889.7,105973,9985800.0
2023-11-29,19976.55,20104.65,19956.3,20096.6,118269,8597700.0
2023-11-30,20108.5,20158.7,20015.85,20133.15,135818,6259200.0
2023-12-01,20194.1,20291.55,20183.7,20267.9,106287,10201800.0
2023-12-04,20601.95,20702.65,20507.75,20686.8,146319,10879400.0
2023-12-05,20808.9,20864.05,20711.15,20855.1,131822,11228600.0
2023-12-06,20950.75,20961.95,20852.15,20937.7,123372,11737250.0
2023-12-07,20932.4,20941.25,20850.8,20901.15,101648,12267250.0
2023-12-08,20934.1,21006.1,20862.7,20969.4,131702,11757250.0
2023-12-11,20965.3,21026.1,20923.7,20997.1,78735,11960100.0
2023-12-12,21018.55,21037.9,20867.15,20906.4,89183,11538950.0
2023-12-13,20929.75,20950.0,20769.5,20926.35,129598,11022700.0
2023-12-14,21110.4,21210.9,21074.45,21182.7,163196,12977100.0
2023-12-15,21287.45,21492.3,21235.3,21456.65,149664,13733400.0
2023-12-18,21434.8,21482.8,21365.35,21418.65,98023,12030450.0
2023-12-19,21477.65,21505.05,21337.75,21453.1,125220,13176700.0
2023-12-20,21543.5,21593.0,21087.35,21150.15,217416,13080600.0
2023-12-21,21033.95,21288.35,20976.8,21255.05,196078,11604050.0
2023-12-22,21295.85,21390.5,21232.45,21349.4,166585,10904350.0
2023-12-26,21365.2,21477.15,21329.45,21441.35,131234,9425650.0
2023-12-27,21497.65,21675.75,21495.8,21654.75,141482,9022700.0
2023-12-28,21715.0,21801.45,21678.0,21778.7,135417,4486850.0
2023-12-29,21737.65,21770.3,21676.9,21731.4,127070,13451050.0
2024-01-01,21727.75,21834.35,21680.85,21741.9,109309,12902700.0
2024-01-02,21751.35,21755.6,21555.65,21665.8,167847,12978750.0
2024-01-03,21661.1,21677.0,21500.35,21517.35,135616,12110250.0
2024-01-04,21605.8,21685.65,21564.55,21658.6,121774,11724050.0
2024-01-05,21705.75,21749.6,21629.2,21710.8,135030,11944900.0
2024-01-08,21747.6,21763.95,21492.9,21513.0,145034,11936350.0
2024-01-09,21653.6,21724.45,21517.85,21544.85,158139,12041250.0
2024-01-10,21529.3,21641.85,21448.65,21618.7,139789,11715300.0
2024-01-11,21688.0,21726.5,21593.75,21647.2,113071,11797200.0
2024-01-12,21773.55,21928.25,21715.15,21894.55,150912,12005550.0
2024-01-15,22053.15,22115.55,21963.55,22097.45,103458,12412700.0
2024-01-16,22080.5,22124.15,21969.8,22032.3,103215,12318550.0
2024-01-17,21647.25,21851.5,21550.45,21571.95,229664,11766950.0
2024-01-18,21414.2,21539.4,21285.55,21462.25,227826,11816800.0
2024-01-19,21615.2,21670.6,21575.0,21622.4,125832,11422150.0
2024-01-20,21706.15,21720.3,21541.8,21571.8,72894,11416400.0
2024-01-23,21716.7,21750.25,21192.6,21238.8,252641,10817300.0
2024-01-24,21185.25,21482.35,21137.2,21453.95,213430,8686700.0
2024-01-25,21454.6,21459.0,21247.05,21352.6,145154,4990250.0
2024-01-29,21433.1,21763.25,21429.6,21737.6,181214,12501450.0
2024-01-30,21775.75,21813.05,21501.8,21522.1,163520,11487800.0
2024-01-31,21487.25,21741.35,21448.85,21725.7,146625,11797800.0
2024-02-01,21780.65,21832.95,21658.75,21697.45,180971,11671850.0
2024-02-02,21812.75,22126.8,21805.55,21853.8,236827,12002450.0
2024-02-05,21921.05,21964.3,21726.95,21771.7,158291,11807050.0
2024-02-06,21825.2,21951.4,21737.55,21929.4,129365,12220000.0
2024-02-07,22045.05,22053.3,21860.15,21930.5,132898,12377900.0
2024-02-08,22009.65,22011.05,21665.3,21717.95,218972,12669350.0
2024-02-09,21727.0,21804.45,21629.9,21782.5,151304,11913950.0
2024-02-12,21800.8,21831.7,21574.75,21616.05,134426,12046050.0
2024-02-13,21664.3,21766.8,21543.35,21743.25,138222,12277000.0
2024-02-14,21578.15,21870.85,21530.2,21840.05,185897,12189050.0
2024-02-15,21906.55,21953.85,21794.8,21910.75,164763,11667650.0
2024-02-16,22020.3,22068.65,21968.95,22040.7,108026,11731950.0
2024-02-19,22103.45,22186.65,22021.05,22122.25,108926,11890300.0
2024-02-20,22099.2,22215.6,22045.85,22196.95,117158,11496650.0
2024-02-21,22248.85,22249.4,21997.95,22055.05,133217,11486950.0
2024-02-22,22081.55,22252.5,21875.25,22217.45,206565,11528200.0
2024-02-23,22290.0,22297.5,22186.1,22212.7,120520,10591000.0
2024-02-26,22169.2,22202.15,22075.15,22122.05,119614,10873700.0
2024-02-27,22090.2,22218.25,22085.65,22198.35,123409,9667650.0
2024-02-28,22214.1,22229.15,21915.85,21951.15,147189,6969850.0
2024-02-29,21935.2,22060.55,21860.65,21982.8,143145,4528350.0
2024-03-01,22048.3,22353.3,22047.75,22338.75,180557,13058150.0
2024-03-02,22406.95,22419.55,22367.05,22378.4,27698,12862400.0
2024-03-04,22403.5,22440.9,22358.3,22405.6,75588,12811250.0
2024-03-05,22371.25,22416.9,22269.15,22356.3,124564,12425600.0
2024-03-06,22327.5,22497.2,22224.35,22474.05,187651,13572800.0
2024-03-07,22505.3,22525.65,22430.0,22493.55,106179,12708550.0
2024-03-11,22517.5,22526.6,22307.25,22332.65,124034,12617200.0
2024-03-12,22334.45,22452.55,22256.0,22335.7,122450,12649600.0
2024-03-13,22432.2,22446.75,21905.65,21997.7,229024,12918200.0
2024-03-14,21982.55,22204.6,21917.5,22146.65,178685,13107150.0
2024-03-15,22064.85,22120.9,21931.7,22023.35,179780,12791500.0
2024-03-18,21990.1,22123.7,21916.55,22055.7,118534,12842150.0
2024-03-19,21946.45,21978.3,21793.1,21817.45,152613,13048900.0
2024-03-20,21843.9,21930.9,21710.2,21839.1,137718,12015350.0
2024-03-21,21989.9,22080.95,21941.3,22011.95,133047,11667900.0
2024-03-22,21932.2,22180.7,21883.3,22096.75,169540,10830150.0
2024-03-26,21947.9,22073.2,21947.55,22004.7,131913,9996800.0
2024-03-27,22053.95,22193.6,22052.85,22123.65,118439,8024500.0
2024-03-28,22163.6,22516.0,22163.6,22326.9,163349,6618000.0
2024-04-01,22455.0,22529.95,22427.75,22462.0,127526,9957650.0
2024-04-02,22458.8,22497.6,22388.15,22453.3,83787,10178950.0
2024-04-03,22385.7,22521.1,22346.5,22434.65,125588,10294800.0
2024-04-04,22592.1,22619.0,22303.8,22514.65,218360,10021000.0
2024-04-05,22486.4,22537.6,22427.6,22513.7,86817,9746800.0
2024-04-08,22578.35,22697.3,22550.35,22666.3,109833,10528900.0
2024-04-09,22765.1,22768.4,22612.25,22642.75,114493,11582650.0
2024-04-10,22720.25,22775.7,22673.7,22753.8,79696,11569650.0
2024-04-12,22677.4,22726.45,22503.75,22519.4,170291,11419850.0
2024-04-15,22339.05,22427.45,22259.55,22272.5,179625,12285450.0
2024-04-16,22125.3,22213.75,22079.45,22147.9,157026,11897200.0
2024-04-18,22212.35,22326.5,21961.7,21995.85,270313,12180200.0
2024-04-19,21861.5,22179.55,21777.65,22147.0,248988,11124650.0
2024-04-22,22336.9,22375.65,22198.15,22336.4,117528,10273250.0
2024-04-23,22447.05,22447.55,22349.45,22368.0,97461,10843950.0
2024-04-24,22421.55,22476.45,22384.0,22402.4,111041,9269150.0
2024-04-25,22316.9,22625.95,22305.25,22570.35,189252,7612900.0
2024-04-26,22620.4,22620.4,22385.55,22419.95,249718,10539375.0
2024-04-29,22475.55,22655.8,22441.9,22643.4,230568,10845400.0
2024-04-30,22679.65,22783.35,22568.4,22604.85,220124,11014700.0
2024-05-02,22567.85,22710.5,22567.85,22648.2,192043,11121275.0
2024-05-03,22766.35,22794.7,22348.05,22475.85,438242,10597600.0
2024-05-06,22561.6,22588.8,22409.45,22442.7,239700,11136675.0
2024-05-07,22489.75,22499.05,22232.05,22302.5,280721,10909225.0
2024-05-08,22231.2,22368.65,22185.2,22302.5,299555,11221700.0
2024-05-09,22224.8,22307.75,21932.4,21957.5,465931,12911050.0
2024-05-10,21990.95,22131.3,21950.3,22055.2,286527,11933725.0
2024-05-13,22027.95,22131.65,21821.05,22104.05,341795,11949775.0
2024-05-14,22112.9,22270.05,22081.25,22217.85,266745,11210825.0
2024-05-15,22255.6,22297.55,22151.75,22200.55,217207,10701025.0
2024-05-16,22319.2,22432.25,22054.55,22403.85,554977,10552125.0
2024-05-17,22415.25,22502.15,22345.65,22466.1,198597,10108400.0
2024-05-18,22512.85,22520.25,22470.05,22506.8,30826,9865950.0
2024-05-21,22404.55,22591.1,22404.55,22529.05,185970,9990350.0
2024-05-22,22576.6,22629.5,22483.15,22597.8,145086,9922975.0
2024-05-23,22614.1,22993.6,22577.45,22967.65,412684,10528350.0
2024-05-24,22930.75,23026.4,22908.0,22957.1,219961,11064850.0
2024-05-27,23038.95,23110.8,22871.2,22932.45,231983,10728825.0
2024-05-28,22977.15,22998.55,22858.5,22888.15,198257,10858150.0
2024-05-29,22762.75,22825.5,22685.45,22704.7,280759,8743600.0
2024-05-30,22617.45,22705.75,22417.0,22488.65,241362,6461525.0
2024-05-31,22568.1,22653.75,22465.1,22530.7,525192,15208225.0
2024-06-03,23337.9,23338.7,23062.3,23263.9,561462,14870200.0
2024-06-04,23179.5,23179.5,21281.45,21884.5,1615661,15420875.0
2024-06-05,22128.35,22670.4,21791.95,22620.35,785272,13573950.0
2024-06-06,22798.6,22910.15,22642.6,22821.4,613773,14134400.0
2024-06-07,22821.85,23320.2,22789.05,23290.15,517101,13720950.0
2024-06-10,23319.15,23411.9,23227.15,23259.2,310009,12790125.0
2024-06-11,23283.75,23389.45,23206.65,23264.85,231449,12484850.0
2024-06-12,23344.45,23441.95,23295.95,23322.95,236735,12515100.0
2024-06-13,23480.95,23481.05,23353.9,23398.9,205751,12257725.0
2024-06-14,23464.95,23490.4,23334.25,23465.6,181496,12363675.0
2024-06-18,23570.8,23579.05,23499.7,23557.9,160903,12478875.0
2024-06-19,23629.85,23664.0,23412.9,23516.0,312950,12486675.0
2024-06-20,23586.15,23624.0,23442.6,23567.0,222217,12425200.0
2024-06-21,23661.15,23667.1,23398.2,23501.1,301184,12007225.0
2024-06-24,23382.3,23558.1,23350.0,23537.85,259606,11478725.0
2024-06-25,23577.1,23754.15,23562.05,23721.3,254050,10766000.0
2024-06-26,23723.1,23889.9,23670.45,23868.8,228932,8561250.0
2024-06-27,23881.55,24087.45,23805.4,24044.5,306976,5821625.0
2024-06-28,24085.9,24174.0,23985.8,24010.6,284644,14369100.0
2024-07-01,23992.95,24164.0,23992.7,24141.95,163209,14619025.0
2024-07-02,24228.75,24236.35,24056.4,24123.85,211888,14910900.0
2024-07-03,24291.75,24309.15,24207.1,24286.5,210056,14774525.0
2024-07-04,24369.95,24401.0,24281.0,24302.15,196993,14690250.0
2024-07-05,24213.35,24363.0,24168.85,24323.85,230381,14271575.0
2024-07-08,24329.45,24344.6,24240.55,24320.55,130096,14255275.0
2024-07-09,24351.0,24443.6,24331.9,24433.2,146868,14756825.0
2024-07-10,24459.85,24461.05,24141.8,24324.45,310075,14268675.0
2024-07-11,24396.55,24402.65,24193.75,24315.95,231355,13726300.0
2024-07-12,24387.95,24592.2,24331.15,24502.15,260938,14047200.0
2024-07-15,24587.6,24635.05,24522.75,24586.7,133595,14494625.0
2024-07-16,24615.9,24661.25,24587.65,24613.0,130886,14489525.0
2024-07-18,24543.8,24837.75,24504.45,24800.85,377529,15226150.0
2024-07-19,24853.8,24854.8,24508.15,24530.9,320221,14394550.0
2024-07-22,24445.75,24595.2,24362.3,24509.25,235289,14024775.0
2024-07-23,24568.9,24582.55,24074.2,24479.05,222917,12544225.0
2024-07-24,24444.95,24504.25,24307.25,24413.5,315393,12590625.0
2024-07-25,24230.95,24426.15,24210.8,24406.1,322209,8842150.0
2024-07-26,24423.35,24861.15,24410.9,24834.85,409727,14401350.0
2024-07-29,24943.3,24999.75,24774.6,24836.1,281192,14520700.0
2024-07-30,24839.4,24971.75,24798.65,24857.3,211184,14732200.0
2024-07-31,24886.7,24984.6,24856.5,24951.15,164889,15425625.0
2024-08-01,25030.95,25078.3,24956.4,25010.9,229057,15979725.0
2024-08-02,24789.0,24851.9,24686.85,24717.7,329256,15605375.0
2024-08-05,24302.85,24350.05,23893.7,24055.6,713540,15250025.0
2024-08-06,24189.85,24382.6,23960.4,23992.55,422172,14115150.0
2024-08-07,24289.4,24337.7,24184.9,24297.5,331278,12850225.0
2024-08-08,24248.55,24340.5,24079.7,24117.0,376292,12458925.0
2024-08-09,24386.85,24419.75,24311.2,24367.5,260013,11942400.0
2024-08-12,24320.05,24472.8,24212.1,24347.0,263966,11889125.0
2024-08-13,24342.35,24359.95,24116.5,24139.0,227964,12123900.0
2024-08-14,24184.4,24196.5,24099.7,24143.75,180341,11642950.0
2024-08-16,24334.85,24563.9,24204.5,24541.15,381625,11562325.0
2024-08-19,24636.35,24638.8,24522.95,24572.65,151933,11081200.0
2024-08-20,24648.9,24734.3,24607.2,24698.85,150366,11006325.0
2024-08-21,24680.55,24787.95,24654.5,24770.2,119193,10890300.0
2024-08-22,24863.4,24867.35,24784.45,24811.5,132026,10713925.0
2024-08-23,24845.4,24858.4,24771.65,24823.15,142487,11218250.0
2024-08-26,24906.1,25043.8,24874.7,25010.6,206149,10872000.0
2024-08-27,25024.8,25073.1,24973.65,25017.75,168667,9974150.0
2024-08-28,25030.8,25129.6,24964.65,25052.35,214598,8194350.0
2024-08-29,25035.3,25192.9,24998.5,25151.95,431339,6798950.0
2024-08-30,25249.7,25268.35,25199.4,25235.9,222989,14463950.0
2024-09-02,25333.6,25333.65,25235.5,25278.7,204112,15105100.0
2024-09-03,25313.4,25321.7,25235.8,25279.85,129562,15264900.0
2024-09-04,25089.95,25216.0,25083.8,25198.7,221796,15585450.0
2024-09-05,25250.5,25275.45,25127.75,25145.1,156886,15079975.0
2024-09-06,25093.7,25168.75,24801.3,24852.15,416285,14710975.0
2024-09-09,24823.4,24957.5,24753.15,24936.4,213948,14343300.0
2024-09-10,24999.4,25130.5,24896.8,25041.1,241055,13446025.0
2024-09-11,25034.0,25113.7,24885.15,24918.45,196003,13458000.0
2024-09-12,25059.65,25433.35,24941.45,25388.9,434264,14827000.0
2024-09-13,25430.45,25430.5,25292.45,25356.5,174129,14535500.0
2024-09-16,25406.65,25445.7,25336.2,25383.75,144290,14176900.0
2024-09-17,25416.9,25441.65,25352.25,25418.55,109306,13918175.0
2024-09-18,25402.4,25482.2,25285.55,25377.55,196272,13486900.0
2024-09-19,25487.05,25611.95,25376.05,25415.8,303629,13292400.0
2024-09-20,25525.95,25849.25,25426.6,25790.95,488293,14520875.0
2024-09-23,25872.55,25956.0,25847.35,25939.05,250164,13821625.0
2024-09-24,25921.45,26011.55,25886.85,25940.4,225409,10894675.0
2024-09-25,25899.45,26032.8,25871.35,26004.15,189802,8326675.0
2024-09-26,26005.4,26250.9,25998.4,26216.05,254868,6295300.0
2024-09-27,26248.25,26277.35,26151.4,26178.95,191859,16613450.0
2024-09-30,26061.3,26134.7,25794.1,25810.85,327144,15158600.0
2024-10-01,25788.45,25907.6,25739.2,25796.9,179617,14710600.0
2024-10-03,25452.85,25639.45,25230.3,25250.1,469926,14282125.0
2024-10-04,25181.9,25485.05,24966.8,25014.6,467477,14244425.0
2024-10-07,25084.1,25143.0,24694.35,24795.75,392262,14636625.0
2024-10-08,24832.2,25044.0,24756.8,25013.15,297545,14436875.0
2024-10-09,25065.8,25234.05,24947.7,24981.95,306750,14272375.0
2024-10-10,25067.05,25134.05,24979.4,24998.45,185127,14328950.0
2024-10-11,24985.3,25028.65,24920.05,24964.25,129597,13937425.0
2024-10-14,25023.45,25159.75,25017.5,25127.95,150489,13801800.0
2024-10-15,25186.3,25212.05,25008.15,25057.35,158801,13770250.0
2024-10-16,25008.55,25093.4,24908.45,24971.3,184760,13886750.0
2024-10-17,25027.4,25029.5,24728.9,24749.85,193005,13811275.0
2024-10-18,24664.95,24886.2,24567.65,24854.05,245356,13588175.0
2024-10-21,24956.15,24978.3,24679.6,24781.1,199294,13022875.0
2024-10-22,24798.65,24882.0,24445.8,24472.1,250170,13405875.0
2024-10-23,24378.15,24604.25,24378.1,24435.5,209726,13045725.0
2024-10-24,24412.7,24480.65,24341.2,24399.4,153868,13071825.0
2024-10-25,24418.05,24440.25,24073.9,24180.8,282219,12730425.0
2024-10-28,24251.1,24492.6,24134.9,24339.15,261156,11537275.0
2024-10-29,24328.85,24484.5,24140.85,24466.85,259902,10411475.0
2024-10-30,24371.45,24498.2,24307.3,24340.85,206009,8737700.0
2024-10-31,24349.85,24372.45,24172.6,24205.35,210299,5774775.0
2024-11-01,24302.75,24368.25,24280.2,24304.35,47411,10645350.0
2024-11-04,24315.75,24316.75,23816.15,23995.35,317919,11309225.0
2024-11-05,23916.5,24229.05,23842.75,24213.3,250616,11322250.0
2024-11-06,24308.75,24537.6,24204.05,24484.05,306773,11403475.0
2024-11-07,24489.6,24503.35,24179.05,24199.35,240452,11546500.0
2024-11-08,24207.7,24276.15,24066.65,24148.2,197225,11396400.0
2024-11-11,24087.25,24336.8,24004.6,24141.3,237651,11425550.0
2024-11-12,24225.8,24242.0,23839.15,23883.45,210048,11803875.0
2024-11-13,23822.45,23873.6,23509.6,23559.05,266439,12189300.0
2024-11-14,23542.15,23675.9,23484.15,23532.7,226912,12347250.0
2024-11-18,23605.3,23606.8,23350.4,23453.8,233489,12308025.0
2024-11-19,23529.55,23780.65,23464.8,23518.5,292457,11715650.0
2024-11-21,23488.45,23507.3,23263.15,23349.9,221101,11509050.0
2024-11-22,23411.8,23956.1,23359.0,23907.25,422090,10549400.0
2024-11-25,24253.55,24351.55,24135.45,24221.9,304051,10321025.0
2024-11-26,24343.3,24343.3,24125.4,24194.5,186502,9338925.0
2024-11-27,24204.8,24354.55,24145.65,24274.9,212260,8845350.0
2024-11-28,24274.15,24345.75,23873.35,23914.15,348073,6638275.0
2024-11-29,23927.15,24188.45,23927.15,24131.1,263296,11553425.0
2024-12-02,24140.85,24301.7,24008.65,24276.05,229734,12032925.0
2024-12-03,24367.5,24481.35,24280.0,24457.15,204483,11950800.0
2024-12-04,24488.75,24573.2,24366.3,24467.45,237415,11636400.0
2024-12-05,24539.15,24857.75,24295.55,24708.4,498720,11421375.0
2024-12-06,24729.45,24751.05,24620.5,24677.8,175511,11470050.0
2024-12-09,24633.9,24705.0,24580.05,24619.0,143604,11448850.0
2024-12-10,24652.65,24677.8,24510.65,24610.05,161120,11289000.0
2024-12-11,24620.5,24691.75,24583.85,24641.8,156896,11343250.0
2024-12-12,24604.45,24675.25,24527.95,24548.7,141665,11220875.0
2024-12-13,24498.35,24792.3,24180.8,24768.3,476778,11161650.0
2024-12-16,24753.4,24781.25,24601.75,24668.25,184270,11036550.0
2024-12-17,24584.8,24624.1,24303.45,24336.0,317746,11422475.0
2024-12-18,24297.95,24394.45,24149.85,24198.85,222484,11108600.0
2024-12-19,23877.15,24004.9,23870.3,23951.7,193063,10973600.0
2024-12-20,23960.7,24065.8,23537.35,23587.5,309504,11041150.0
2024-12-23,23738.2,23869.55,23647.2,23753.45,231423,10006375.0
2024-12-24,23769.1,23867.65,23685.15,23727.65,247554,9202575.0
2024-12-26,23775.8,23854.5,23653.6,23750.2,215926,5561475.0
2024-12-27,23801.4,23938.85,23800.6,23813.4,197296,11753225.0
2024-12-30,23796.9,23915.35,23599.3,23644.9,229984,12432650.0
2024-12-31,23560.6,23689.85,23460.45,23644.8,206098,13493175.0
2025-01-01,23637.65,23822.8,23562.8,23742.9,175729,13348875.0
2025-01-02,23783.0,24226.7,23751.55,24188.65,339021,12652725.0
2025-01-03,24196.4,24196.45,23976.0,24004.75,262004,12814900.0
2025-01-06,24045.8,24089.95,23551.9,23616.05,381394,12696475.0
2025-01-07,23679.9,23795.2,23637.8,23707.9,170033,12804050.0
2025-01-08,23746.65,23751.85,23496.15,23688.95,237903,13092075.0
2025-01-09,23674.75,23689.5,23503.05,23526.5,182951,13783025.0
2025-01-10,23551.9,23596.6,23344.35,23431.5,261703,13882850.0
2025-01-13,23195.4,23340.95,23047.25,23085.95,278782,14064525.0
2025-01-14,23165.9,23264.95,23134.15,23176.05,194699,13908525.0
2025-01-15,23250.45,23293.65,23146.45,23213.2,143790,13710825.0
2025-01-16,23377.25,23391.65,23272.05,23311.8,171198,13723575.0
2025-01-17,23277.1,23292.1,23100.35,23203.2,218388,14278400.0
2025-01-20,23290.4,23391.1,23170.65,23344.75,163712,14216800.0
2025-01-21,23421.65,23426.3,22976.85,23024.65,388434,14655025.0
2025-01-22,23099.15,23169.55,22981.3,23155.35,211777,14322175.0
2025-01-23,23128.3,23270.8,23090.65,23205.35,161222,13864725.0
2025-01-24,23183.9,23347.3,23050.0,23092.2,275484,13441975.0
2025-01-27,22940.15,23007.45,22786.9,22829.15,241956,12681175.0
2025-01-28,22960.45,23137.95,22857.65,22957.25,323967,12258950.0
2025-01-29,23026.75,23183.35,22976.5,23163.1,298123,9766725.0
2025-01-30,23169.5,23322.05,23139.2,23249.5,269241,5807950.0
2025-01-31,23296.75,23546.8,23277.4,23508.4,88911,17879250.0
2025-02-01,23528.6,23632.45,23318.3,23482.15,150937,18180675.0
2025-02-03,23319.35,23381.6,23222.0,23361.05,83636,17303925.0
2025-02-04,23509.9,23762.75,23423.15,23739.25,137005,17075625.0
2025-02-05,23801.75,23807.3,23680.45,23696.3,51116,16716825.0
2025-02-06,23761.95,23773.55,23556.25,23603.35,55302,16912950.0
2025-02-07,23649.5,23694.5,23443.2,23559.95,94840,16987425.0
2025-02-10,23543.8,23568.6,23316.3,23381.6,68065,17422500.0
2025-02-11,23383.55,23390.05,22986.65,23071.8,87766,17712825.0
2025-02-12,23050.8,23144.7,22798.35,23045.25,132065,17998875.0
2025-02-13,23055.75,23235.5,22992.2,23031.4,82593,17509575.0
2025-02-14,23096.45,23133.7,22774.85,22929.25,109312,17814525.0
2025-02-17,22809.9,22974.2,22725.45,22959.5,92954,17652450.0
2025-02-18,22963.65,22992.5,22801.5,22945.3,73098,17289150.0
2025-02-19,22847.25,23049.95,22814.85,22932.9,86464,17245350.0
2025-02-20,22821.1,22923.85,22812.75,22913.15,54621,16722975.0
2025-02-21,22857.2,22921.0,22720.3,22795.9,96195,16913925.0
2025-02-24,22609.35,22668.05,22518.8,22553.35,106292,15486600.0
2025-02-25,22516.45,22625.3,22513.9,22547.55,94896,11005950.0
2025-02-27,22568.95,22613.3,22508.4,22545.05,96679,4865625.0
2025-02-28,22433.4,22450.35,22104.85,22124.7,122445,18873825.0
2025-03-03,22194.55,22261.55,22004.7,22119.3,89291,18323100.0
2025-03-04,21974.45,22105.05,21964.6,22082.65,63149,18594075.0
2025-03-05,22073.05,22394.9,22067.8,22337.3,82566,17956425.0
2025-03-06,22476.35,22556.45,22245.85,22544.7,117025,18413250.0
2025-03-07,22508.65,22633.8,22464.75,22552.5,75660,18196800.0
2025-03-10,22521.85,22676.75,22429.05,22460.3,69156,17806800.0
2025-03-11,22345.95,22522.1,22314.7,22497.9,75200,17827125.0
2025-03-12,22536.35,22577.4,22329.55,22470.5,78142,17553825.0
2025-03-13,22541.5,22558.05,22377.35,22397.2,65790,17767275.0
2025-03-17,22353.15,22577.0,22353.15,22508.75,67599,17475075.0
2025-03-18,22662.25,22857.8,22599.2,22834.3,89671,17056275.0
2025-03-19,22874.95,22940.7,22807.95,22907.6,59079,16976100.0
2025-03-20,23036.6,23216.7,22973.95,23190.65,103958,16117875.0
2025-03-21,23168.25,23402.7,23132.8,23350.4,89048,14943375.0
2025-03-24,23515.4,23708.75,23433.5,23658.35,94775,15224100.0
2025-03-25,23751.5,23869.6,23601.4,23668.65,112607,14452500.0
2025-03-26,23700.95,23736.5,23451.7,23486.85,110793,10893675.0
2025-03-27,23433.95,23646.45,23412.2,23591.95,72007,5536500.0
2025-03-28,23600.4,23649.2,23450.2,23519.35,97506,12768300.0
2025-04-01,23341.1,23565.15,23136.4,23165.7,122621,13645500.0
2025-04-02,23192.6,23350.0,23158.45,23332.35,64204,12627450.0
2025-04-03,23150.3,23306.5,23145.8,23250.1,68519,13122975.0
2025-04-04,23190.4,23214.7,22857.45,22904.45,108118,13938150.0
2025-04-07,21758.4,22254.0,21743.65,22161.6,262265,14615100.0
2025-04-08,22446.75,22697.2,22270.85,22535.85,156069,13619100.0
2025-04-09,22460.3,22468.7,22353.25,22399.15,90619,13296750.0
2025-04-11,22695.4,22923.9,22695.4,22828.55,120725,13432350.0
2025-04-15,23368.35,23368.35,23207.0,23328.55,89235,12939825.0
2025-04-16,23344.1,23452.2,23273.05,23437.2,71349,12285000.0
2025-04-17,23401.85,23872.35,23298.55,23851.65,135421,11905275.0
2025-04-21,23949.15,24189.55,23903.65,24125.55,77342,11868750.0
2025-04-22,24185.4,24242.6,24072.0,24167.25,87218,11950050.0
2025-04-23,24357.6,24359.3,24119.95,24328.95,99138,8953425.0
2025-04-24,24277.9,24347.85,24216.15,24246.7,55201,4850775.0
2025-04-25,24289.0,24365.45,23847.85,24039.35,168230,12367725.0
2025-04-28,24070.25,24355.1,24054.05,24328.5,104248,13287075.0
2025-04-29,24370.7,24457.65,24290.75,24335.95,79024,13373175.0
2025-04-30,24342.05,24396.15,24198.75,24334.2,69406,13694175.0
2025-05-02,24311.9,24589.15,24238.5,24346.7,159768,13555800.0
2025-05-05,24419.5,24526.4,24400.65,24461.15,76211,13633725.0
2025-05-06,24500.75,24509.65,24331.8,24379.6,65193,13604100.0
2025-05-07,24233.3,24449.6,24220.0,24414.4,99826,13715025.0
2025-05-08,24431.5,24447.25,24150.2,24273.8,113537,14043600.0
2025-05-09,23935.75,24164.25,23935.75,24008.0,150829,13663950.0
2025-05-12,24420.1,24944.8,24378.85,24924.7,156527,13255500.0
2025-05-13,24864.05,24973.8,24547.5,24578.35,163428,12555450.0
2025-05-14,24613.8,24767.55,24535.55,24666.9,87780,11718825.0
2025-05-15,24694.45,25116.25,24494.45,25062.1,186214,13026300.0
2025-05-16,25064.65,25070.0,24953.05,25019.8,62198,12312975.0
2025-05-19,25005.35,25062.95,24916.65,24945.45,52956,11988150.0
2025-05-20,24996.2,25010.35,24669.7,24683.9,96523,12163050.0
2025-05-21,24744.25,24946.2,24685.35,24813.45,104176,10937475.0
2025-05-22,24733.95,24737.5,24462.4,24609.7,113872,11409000.0
2025-05-23,24639.5,24909.05,24614.05,24853.15,95920,10948725.0
2025-05-26,24919.35,25079.2,24900.5,25001.15,75338,11033775.0
2025-05-27,24956.65,25062.9,24704.1,24826.2,146382,9854325.0
2025-05-28,24832.5,24864.25,24737.05,24752.45,78611,8662800.0
2025-05-29,24825.1,24892.6,24677.3,24833.6,81101,4706775.0
2025-05-30,24812.6,24863.95,24717.4,24750.7,69540,13322925.0
2025-06-02,24669.7,24754.4,24526.15,24716.6,93083,13228125.0
2025-06-03,24786.3,24845.1,24502.15,24542.5,105510,13026300.0
2025-06-04,24560.45,24644.25,24530.45,24620.2,50960,12716775.0
2025-06-05,24691.2,24899.85,24613.1,24750.9,106451,12636525.0
2025-06-06,24748.7,25029.5,24671.45,25003.05,109889,12350325.0
2025-06-09,25160.1,25160.1,25077.15,25103.2,45853,12133200.0
2025-06-10,25196.05,25199.3,25055.45,25104.25,47136,11829300.0
2025-06-11,25134.15,25222.4,25081.3,25141.4,62340,11636175.0
2025-06-12,25164.45,25196.2,24825.9,24888.2,119427,12228750.0
2025-06-13,24473.0,24754.35,24473.0,24718.6,89998,12325350.0
2025-06-16,24732.35,24967.1,24703.6,24946.5,88980,12035700.0
2025-06-17,24977.85,24982.05,24813.7,24853.4,60973,11953725.0
2025-06-18,24788.35,24947.55,24750.45,24812.05,73489,11319975.0
2025-06-19,24803.25,24863.1,24733.4,24793.25,55670,11323725.0
2025-06-20,24787.65,25136.2,24783.65,25112.4,105046,11504475.0
2025-06-23,24939.75,25057.0,24824.85,24971.9,110836,11352900.0
2025-06-24,25179.9,25317.7,24999.7,25044.35,141676,10604400.0
2025-06-25,25150.35,25266.8,25125.05,25244.75,72287,8117625.0
2025-06-26,25268.95,25565.3,25259.9,25549.0,75945,4987725.0
2025-06-27,25576.65,25654.2,25523.55,25637.8,61012,15090375.0
2025-06-30,25661.65,25669.35,25473.3,25517.05,95102,15033525.0
2025-07-01,25551.35,25593.4,25501.8,25541.8,45334,14650200.0
2025-07-02,25588.3,25608.1,25378.75,25453.4,76242,14484675.0
2025-07-03,25505.1,25587.5,25384.35,25405.3,89520,14137950.0
2025-07-04,25428.85,25470.25,25331.65,25461.0,59309,13666125.0
2025-07-07,25450.45,25489.8,25407.25,25461.3,41703,13548000.0
2025-07-08,25427.85,25548.05,25424.15,25522.5,40247,13407975.0
2025-07-09,25514.6,25548.7,25424.35,25476.1,46447,13541925.0
2025-07-10,25511.65,25524.05,25340.45,25355.25,66223,13841250.0
2025-07-11,25255.5,25322.45,25129.0,25149.85,73945,14012400.0
2025-07-14,25149.5,25151.1,25001.95,25082.3,66379,14468325.0
2025-07-15,25089.5,25245.2,25088.45,25195.8,54449,13800750.0
2025-07-16,25196.6,25255.3,25121.05,25212.05,45817,13909200.0
2025-07-17,25230.75,25238.35,25101.0,25111.45,53027,14093025.0
2025-07-18,25108.55,25144.6,24918.65,24968.4,69868,14080875.0
2025-07-21,24999.0,25111.4,24882.3,25090.7,56976,13695900.0
2025-07-22,25166.65,25182.0,25035.55,25060.9,41323,13401000.0
2025-07-23,25139.35,25233.5,25085.5,25219.9,51484,13006200.0
2025-07-24,25243.3,25246.25,25018.7,25062.1,63223,12963825.0
2025-07-25,25010.35,25010.35,24806.35,24837.0,69729,12699225.0
2025-07-28,24782.45,24889.2,24646.6,24680.9,71260,12394650.0
2025-07-29,24609.65,24847.15,24598.6,24821.1,84506,11500725.0
2025-07-30,24890.4,24902.3,24771.95,24855.05,69353,8941125.0
2025-07-31,24642.25,24956.5,24635.0,24768.35,81205,6274500.0
2025-08-01,24734.9,24784.15,24535.05,24565.35,83419,17059500.0
2025-08-04,24596.05,24736.25,24554.0,24722.75,57820,16636050.0
2025-08-05,24720.25,24733.1,24590.3,24649.55,54138,16844775.0
2025-08-06,24641.35,24671.4,24539.2,24574.2,52800,16811700.0
2025-08-07,24464.2,24634.2,24344.15,24596.15,97916,17035500.0
2025-08-08,24544.25,24585.5,24337.5,24363.3,79655,17508975.0
2025-08-11,24371.5,24600.85,24347.45,24585.05,63544,17118300.0
2025-08-12,24563.35,24702.6,24465.65,24487.4,83389,17069700.0
2025-08-13,24586.2,24664.55,24535.25,24619.35,58314,17003550.0
2025-08-14,24607.25,24673.65,24596.9,24631.3,50699,16878525.0
2025-08-18,24938.2,25022.0,24852.85,24876.95,89126,16841250.0
2025-08-19,24891.35,25012.65,24873.95,24980.65,47372,16309200.0
2025-08-20,24965.8,25088.7,24929.7,25050.55,54455,16298850.0
2025-08-21,25142.0,25153.65,25054.9,25083.75,55136,15634875.0
2025-08-22,25064.15,25084.85,24859.15,24870.1,71849,14956275.0
2025-08-25,24949.15,25021.55,24894.35,24967.75,97029,14847975.0
2025-08-26,24899.5,24919.65,24689.6,24712.05,109864,10590825.0
2025-08-28,24695.8,24702.65,24481.6,24500.9,120553,4073400.0
2025-08-29,24466.7,24572.45,24404.7,24426.85,68731,16697925.0
2025-09-01,24432.7,24635.6,24432.7,24625.05,52140,16796700.0
2025-09-02,24653.0,24756.1,24522.35,24579.6,74911,16694250.0
2025-09-03,24616.5,24737.05,24533.2,24715.05,56469,16848150.0
2025-09-04,24980.75,24980.75,24708.2,24734.3,82951,17093775.0
2025-09-05,24818.85,24832.35,24621.6,24741.0,73802,17391225.0
2025-09-08,24802.6,24885.5,24751.55,24773.15,59664,17279475.0
2025-09-09,24864.1,24891.8,24814.0,24868.6,37069,17104725.0
2025-09-10,24991.0,25035.7,24915.05,24973.1,66128,17644575.0
2025-09-11,24945.5,25037.3,24940.15,25005.5,28561,17105700.0
2025-09-12,25074.45,25139.45,25038.05,25114.0,41583,16700400.0
2025-09-15,25118.9,25138.45,25048.75,25069.2,34301,16807350.0
2025-09-16,25073.6,25261.4,25070.45,25239.1,60109,16222200.0
2025-09-17,25276.6,25346.5,25275.35,25330.25,44598,15878850.0
2025-09-18,25441.05,25448.95,25329.75,25423.6,54004,15699900.0
2025-09-19,25410.2,25428.75,25286.3,25327.05,62987,15566700.0
2025-09-22,25238.1,25331.7,25151.05,25202.35,51252,15115650.0
2025-09-23,25209.0,25261.9,25084.65,25169.5,62983,14704800.0
2025-09-24,25108.75,25149.85,25027.45,25056.9,64471,14973225.0
2025-09-25,25034.5,25092.7,24878.3,24890.85,77237,15007800.0
2025-09-26,24818.55,24868.6,24629.45,24654.7,96914,12512550.0
2025-09-29,24728.55,24791.3,24606.2,24634.9,95052,9085650.0
2025-09-30,24691.95,24731.8,24587.7,24611.1,64496,4447875.0
2025-10-01,24620.55,24867.95,24605.95,24836.3,76529,17399550.0
2025-10-03,24759.55,24904.8,24747.55,24894.25,60919,18178200.0
2025-10-06,24916.55,25095.95,24881.65,25077.65,73598,18365775.0
2025-10-07,25085.3,25220.9,25076.3,25108.3,64467,18249900.0
2025-10-08,25079.75,25192.5,25008.5,25046.15,73678,18154050.0
2025-10-09,25074.3,25199.25,25024.3,25181.8,67283,17846175.0
2025-10-10,25167.65,25330.75,25156.85,25285.35,58958,17544450.0
2025-10-13,25177.3,25267.3,25152.3,25227.35,72042,17310525.0
2025-10-14,25277.55,25310.35,25060.55,25145.5,91414,18162825.0
2025-10-15,25181.95,25365.15,25159.35,25323.55,77119,18013275.0
2025-10-16,25394.9,25625.4,25376.85,25585.3,83652,18332475.0
2025-10-17,25546.85,25781.5,25508.6,25709.85,102562,17330850.0
2025-10-20,25824.6,25926.2,25788.5,25843.15,73153,17423100.0
2025-10-21,25901.2,25934.35,25825.8,25868.6,16378,17443425.0
2025-10-23,26057.2,26104.2,25862.45,25891.4,111709,16682775.0
2025-10-24,25935.1,25944.15,25718.2,25795.15,91660,14326125.0
2025-10-27,25843.2,26005.95,25827.0,25966.05,102040,12993000.0
2025-10-28,25939.95,26041.7,25810.05,25936.2,95613,6391200.0
2025-10-29,25982.0,26097.85,25960.3,26053.9,81623,14864250.0
2025-10-30,25984.4,26032.05,25845.25,25877.85,84090,16001700.0
2025-10-31,25863.8,25953.75,25711.2,25722.1,87970,17103450.0
2025-11-03,25696.85,25803.1,25645.5,25763.35,64885,16856700.0
2025-11-04,25744.75,25787.4,25578.4,25597.65,76225,18055350.0
2025-11-06,25593.35,25679.15,25491.55,25509.7,60278,17798925.0
2025-11-07,25433.8,25551.25,25318.45,25492.3,92173,18657225.0
2025-11-10,25503.5,25653.45,25503.5,25574.35,48889,18603150.0
2025-11-11,25617.0,25715.8,25449.25,25694.95,87556,18659250.0
2025-11-12,25834.3,25934.55,25781.15,25875.8,70367,17865000.0
2025-11-13,25906.1,26010.7,25808.4,25879.15,69068,17666700.0
2025-11-14,25767.9,25940.2,25740.8,25910.05,107879,18434625.0
2025-11-17,25948.2,26024.2,25906.35,26013.45,53526,18298350.0
2025-11-18,26021.8,26029.85,25876.5,25910.05,68819,17723700.0
2025-11-19,25918.1,26074.65,25856.2,26052.65,67533,17016825.0
2025-11-20,26132.1,26246.65,26063.2,26192.15,88561,16685550.0
2025-11-21,26109.55,26179.2,26052.2,26068.15,114909,15294675.0
2025-11-24,26122.8,26142.8,25912.15,25959.5,97172,12212025.0
2025-11-25,25998.5,26032.6,25857.5,25884.8,73501,7293900.0
2025-11-26,25842.95,26215.15,25842.95,26205.3,97557,14280375.0
2025-11-27,26261.25,26310.45,26141.9,26215.55,65157,13842975.0
2025-11-28,26237.45,26280.75,26172.4,26202.95,40720,13713600.0
2025-12-01,26325.8,26325.8,26124.2,26175.75,65083,14437050.0
2025-12-02,26087.95,26154.6,25997.85,26032.2,67766,14669625.0
2025-12-03,26004.9,26066.45,25891.0,25986.0,73515,15290775.0
2025-12-04,25981.85,26098.25,25938.95,26033.75,60874,15132750.0
2025-12-05,25999.8,26202.6,25985.35,26186.45,78894,14910150.0
2025-12-08,26159.8,26178.7,25892.25,25960.55,88146,16112475.0
2025-12-09,25867.1,25923.65,25728.0,25839.65,90887,16968525.0
2025-12-10,25864.05,25947.65,25734.55,25758.0,66432,17080575.0
2025-12-11,25771.4,25922.8,25693.25,25898.55,74247,16348875.0
2025-12-12,25971.2,26057.6,25938.45,26046.95,63960,16426650.0
2025-12-15,25930.05,26047.15,25904.75,26027.3,60278,16013325.0
2025-12-16,25951.5,25980.75,25834.35,25860.1,64790,16234425.0
2025-12-17,25902.4,25929.15,25770.35,25818.55,48124,16439700.0
2025-12-18,25764.7,25902.35,25726.3,25815.55,68189,16138125.0
2025-12-19,25911.5,25993.35,25880.45,25966.4,62291,15416775.0
2025-12-22,26055.85,26180.7,26047.8,26172.4,47797,14925225.0
2025-12-23,26205.2,26233.55,26119.05,26177.15,41093,14130675.0
2025-12-24,26170.65,26236.4,26123.0,26142.1,44130,13332375.0
2025-12-26,26121.25,26144.2,26008.6,26042.3,79485,13891275.0
2025-12-29,26063.35,26106.8,25920.3,25942.1,86313,10813875.0
2025-12-30,25940.9,25976.75,25878.0,25938.85,71715,5893125.0
2025-12-31,25971.05,26187.95,25969.0,26129.6,72942,14131975.0
2026-01-01,26173.3,26197.55,26113.4,26146.55,31319,14056705.0
2026-01-02,26155.1,26340.0,26118.4,26328.55,64091,13924300.0
2026-01-05,26333.7,26373.2,26210.05,26250.3,79485,14272375.0
2026-01-06,26189.7,26273.95,26124.75,26178.7,66623,14272635.0
2026-01-07,26143.1,26187.15,26067.9,26140.75,54920,14278095.0
2026-01-08,26106.5,26133.2,25858.45,25876.85,106366,16463460.0
2026-01-09,25840.4,25940.6,25623.0,25683.3,89699,17086615.0
2026-01-12,25669.05,25813.15,25473.4,25790.25,121833,17168840.0
2026-01-13,25897.35,25899.8,25603.3,25732.3,87482,17252690.0
2026-01-14,25648.55,25791.75,25603.95,25665.6,70661,17249440.0
2026-01-16,25696.05,25873.5,25662.4,25694.35,92523,16866785.0
2026-01-19,25653.1,25653.3,25494.35,25585.5,74717,16827525.0
2026-01-20,25580.3,25585.0,25171.35,25232.5,98300,16996590.0
2026-01-21,25141.0,25300.95,24919.8,25157.5,159433,15903095.0
2026-01-22,25344.15,25435.75,25168.5,25289.9,161247,16192020.0
2026-01-23,25344.6,25347.95,25025.3,25048.65,108546,12757355.0
2026-01-27,25063.35,25246.65,24932.55,25175.4,163054,7876700.0
2026-01-28,25258.85,25372.1,25187.65,25342.75,109147,16772535.0
2026-01-29,25345.0,25458.15,25159.8,25418.9,138910,17888975.0
2026-01-30,25247.55,25370.7,25213.65,25320.65,107050,18466110.0
2026-02-01,25333.75,25440.9,24571.75,24825.45,222370,19360445.0
2026-02-02,24796.5,25108.1,24679.4,25088.4,142146,18147090.0
2026-02-03,26308.05,26341.2,25641.3,25727.55,279420,16927235.0
2026-02-04,25675.05,25818.55,25563.95,25776.0,76040,15880280.0
2026-02-05,25755.9,25757.65,25579.5,25642.8,67076,15783105.0
2026-02-06,25605.8,25703.95,25491.9,25693.7,84407,16008915.0
2026-02-09,25888.7,25922.25,25780.9,25867.3,63621,15375880.0
2026-02-10,25922.65,25989.45,25870.45,25935.15,59122,15207855.0
2026-02-11,25997.45,26009.4,25899.8,25953.85,53098,15103465.0
2026-02-12,25906.7,25906.7,25752.4,25807.2,60154,15462395.0
2026-02-13,25571.15,25630.35,25444.3,25471.1,89362,16307265.0
2026-02-16,25423.6,25697.0,25372.7,25682.75,64862,15721095.0
2026-02-17,25637.95,25764.4,25570.3,25725.4,62849,15696330.0
2026-02-18,25752.65,25828.05,25645.15,25819.35,58126,15747485.0
2026-02-19,25873.35,25885.3,25388.75,25454.35,95076,15462460.0
2026-02-20,25406.55,25663.55,25379.75,25571.25,106237,14846130.0
2026-02-23,25678.4,25771.45,25609.35,25713.0,94972,9869210.0
2026-02-24,25641.8,25641.8,25327.6,25424.65,112855,8094840.0
2026-02-25,25512.6,25652.6,25428.2,25482.5,88662,13091650.0
2026-02-26,25556.3,25572.95,25400.95,25496.55,60088,13151450.0
2026-02-27,25459.85,25476.4,25141.3,25178.65,91968,14333605.0
2026-03-02,24659.25,24989.35,24603.5,24865.7,140871,15274155.0
2026-03-04,24388.8,24602.45,24305.4,24480.5,162303,15918955.0
2026-03-05,24615.95,24854.2,24529.4,24765.9,117425,15771015.0
2026-03-06,24656.4,24700.9,24415.75,24450.45,90182,15950870.0
2026-03-09,23868.05,24078.15,23697.8,24028.05,175936,17817345.0
2026-03-10,24280.8,24303.8,24079.95,24261.6,108385,17922385.0
2026-03-11,24231.85,24299.0,23834.3,23866.85,122390,18694325.0
2026-03-12,23674.85,23833.15,23556.3,23639.15,135571,18678140.0
2026-03-13,23462.5,23492.4,23112.0,23151.1,179317,20799220.0
2026-03-16,23116.1,23502.0,22955.25,23408.8,173398,18920655.0
2026-03-17,23493.2,23656.8,23346.6,23581.15,116267,18155540.0
2026-03-18,23632.9,23862.25,23618.45,23777.8,105231,18291715.0
2026-03-19,23197.75,23378.7,22930.35,23002.15,143818,17984200.0
2026-03-20,23110.15,23345.15,23067.6,23114.5,136932,17646395.0
2026-03-23,22824.35,22851.7,22471.25,22512.65,134958,17626050.0
2026-03-24,22878.45,23057.3,22624.2,22912.4,167027,16823105.0
2026-03-25,23064.4,23465.35,23063.2,23306.45,142833,15975440.0
2026-03-27,23173.55,23186.1,22804.55,22819.6,165268,13118495.0
2026-03-30,22549.65,22714.1,22283.85,22331.4,120484,7587775.0
2026-04-01,22899.0,22941.3,22618.6,22679.4,135316,21163415.0
2026-04-02,22383.4,22782.3,22182.55,22713.1,134955,21865675.0
2026-04-06,22780.3,22998.35,22542.95,22968.25,118660,22015370.0
2026-04-07,22838.7,23153.85,22719.3,23123.65,111900,22380865.0
2026-04-08,23855.15,24025.15,23828.5,23997.35,123136,20600970.0
2026-04-09,23909.05,23990.75,23682.8,23775.1,88272,20135700.0
2026-04-10,23880.55,24074.05,23856.35,24050.6,82816,19251700.0
2026-04-13,23589.6,23907.4,23555.6,23842.65,83792,19133530.0
2026-04-15,24163.8,24280.9,24145.8,24231.3,65116,18745675.0
2026-04-16,24385.2,24400.95,24102.8,24196.75,68676,18001945.0
2026-04-17,24165.9,24371.9,24096.05,24353.55,51675,17556565.0
2026-04-20,24391.5,24480.65,24241.25,24364.85,68105,17112290.0
2026-04-21,24374.55,24601.7,24354.9,24576.6,55496,16826225.0
2026-04-22,24470.85,24515.95,24352.9,24378.1,50653,16456245.0
2026-04-23,24202.35,24310.2,24134.8,24173.05,78541,15474680.0
2026-04-24,24100.55,24206.0,23813.65,23897.95,86863,14665885.0
2026-04-27,23945.45,24130.7,23936.2,24092.7,99579,11693890.0
2026-04-28,24049.9,24181.8,23957.05,23995.7,55432,6894095.0
2026-04-29,24096.9,24334.7,24059.95,24177.65,86529,14631305.0
2026-04-30,23996.95,24087.45,23796.85,23997.55,95365,15486575.0
2026-05-04,24063.55,24290.2,24004.75,24119.3,73551,15774785.0
2026-05-05,24052.6,24081.7,23882.05,24032.8,64073,16070730.0
2026-05-06,24171.0,24356.5,23997.9,24330.95,99426,16463395.0
2026-05-07,24398.5,24482.1,24284.0,24326.65,66815,16951220.0
2026-05-08,24233.65,24253.8,24126.65,24176.15,59877,17340700.0
2026-05-11,23970.1,23997.45,23799.1,23815.85,73011,18105945.0
2026-05-12,23722.6,23757.55,23348.4,23379.55,88624,19300580.0
2026-05-13,23362.45,23582.95,23262.55,23412.6,73616,18785650.0
2026-05-14,23530.25,23777.2,23426.55,23689.6,85264,17910490.0
2026-05-15,23731.4,23839.3,23610.3,23643.5,79195,17699695.0
2026-05-18,23482.2,23695.65,23317.1,23649.95,84680,16578120.0
2026-05-19,23675.3,23782.3,23587.2,23618.0,51216,16250520.0
2026-05-20,23457.25,23690.9,23397.3,23659.0,54642,16002350.0
2026-05-21,23830.05,23859.9,23596.6,23654.7,77370,17118205.0
2026-05-22,23671.2,23835.65,23671.0,23719.3,62084,9152195.0
2026-05-25,23940.25,24054.45,23922.85,24031.7,75074,10938785.0
2026-05-26,24004.1,24089.8,23885.45,23913.7,50485,7004465.0
2026-05-27,23880.35,23983.2,23858.25,23907.15,44461,14924845.0
2026-05-29,23902.15,24002.8,23484.75,23547.75,134249,18699135.0
